{
   "iceServers":[
      {
         "urls":"turn:YOUR_SERVER_IP:PORT", 
         "username":"YOUR_TURN_SERVER_USERNAME", 
         "credential":"YOUR_TURN_SERVER_CREDENTIAL" 
      },
      {
         "urls":"stun:stun.l.google.com:19302"
      },
      {
         "urls":"stun:stun1.l.google.com:19302"
      },
      {
         "urls":"stun:stun2.l.google.com:19302"
      },
      {
         "urls":"stun:stun3.l.google.com:19302"
      },
      {
         "urls":"stun:stun4.l.google.com:19302"
      }
   ],
   "iceTransportPolicy":"all",
   "bundlePolicy":"balanced",
   "rtcpMuxPolicy":"require",
   "iceCandidatePoolSize":0
}